GRT事业部经理六大能力模型评分细则,,,,,,
等级,T (任务),S (技能),D (维度),C (合规),K (知识),L (领导力)
L1,在指导下跟踪单一标准化项目（如小型超声波清洗机）的生产进度；协助整理项目物料清单（BOM）,熟练使用 ERP 系统查询库存；掌握基本的甘特图绘制；了解 GRT 基础清洗工艺（喷淋、浸泡）,仅对单一子任务的时效性负责；无预算审批权,严格执行公司考勤与 EHS 规范；按时提交生产日报,理解公司组织架构；熟悉核心产品型号（如 GRT-MC300W）的基本参数,能够自我管理，响应上级指令
L2,独立管理 1-2 个中型项目（如 KLT 双工位清洗机）；确保项目按“约 8 分钟/两筐”的节拍交付,熟练运用 D365 系统进行项目管理；具备处理常见设备故障（如喷淋压力异常）的协调能力；能进行基础的单件成本核算,对单项目的交付周期（On-Time Delivery）和直接材料成本负责；管控项目级 P&L。,确保项目符合 ISO9001 及客户特定标准 ；跨部门沟通顺畅,掌握水基与溶剂清洗的工艺区别；熟悉机械与电气设计的基础原理,能带领项目小组（机械/电气/装配）完成既定目标
L3,统筹事业部整体运营；主导大型复杂项目（如未来一号四腔清洗机）的研发与交付 1；确保 OEE（设备综合效率）≥ 90,精通全生命周期管理；具备极强的风险预警能力（如预测改性醇溶剂涨价风险）；能运用数据分析优化产能配置,对事业部整体营收、毛利及现金流负责；负责团队人才梯队建设,主动推动跨部门（研发/采购/售后）流程优化；确保 EHS 零事故；客户投诉 24 小时内闭环,"刻理解行业标准（如 ISO16232）及不同客户（如 Tesla, Scania）的特殊规范；掌握精益生产（Lean）理论",具备团队影响力，能通过非职权影响力解决跨部门冲突；培养出至少 1 名 L2 级接班人
L4,开拓新业务领域（如从清洗机拓展至自动化装配线）；主导与全球顶级客户（如美国工厂协同项目）的战略合作,具备卓越的商业洞察力；能利用 AI 工具优化生产排程与质量预测；具备跨文化管理能力,对事业部长期战略（3-5 年）负责；负责行业级技术难题的攻关；对事业部的人才密度负责,建立行业标杆级的交付标准；代表公司参与行业标准制定；在公司内部建立极高的协作信誉（Project Collaboration Score ≥ 9/10）,通晓全球自动化与清洁技术发展趋势；掌握企业财务与资本运作的高级知识,变革型领导者，能重塑团队文化，极大提升团队士气；输出管理方法论
L5,定义公司未来的产品形态（如 AI 自适应清洗机器人）；驱动“AI Brain”在制造端的全面落地 ；构建全球化交付与服务网络,具备重新定义行业规则的能力；融合技术、商业与人文的顶层设计能力,对公司的持续增长与行业地位负责；作为公司核心决策层参与集团战略制定,构建开放、共生的产业生态；成为行业意见领袖,拥有跨学科的深厚造诣（物理、化学、管理学、计算机科学）；对未来工业形态有精准预判,精神领袖，能够凝聚全员共识，引领公司穿越经济周期
,,,,,,
,,,,,,
,,,,,,
,,,,,,
,,,,,,